# Busco id	Status	Sequence	Score	Length
209301at33090	Duplicated	Vitvi07g00707_P001	404.8	270
209301at33090	Duplicated	Vitvi02g01852_P001	101.8	322
209301at33090	Duplicated	Vitvi12g00193_P001	69.8	235
209301at33090	Duplicated	Vitvi19g00122_P001	67.6	268
209301at33090	Duplicated	Vitvi14g00091_P001	61.7	199
209301at33090	Duplicated	Vitvi08g01291_P001	57.1	238
209301at33090	Duplicated	Vitvi18g00390_P001	46.9	206
76849at33090	Single	Vitvi13g00153_P001	722.1	459
145734at33090	Duplicated	Vitvi18g00352_P001	471.3	280
145734at33090	Duplicated	Vitvi18g00352_P002	471.3	280
120031at33090	Single	Vitvi11g00620_P001	387.3	321
174767at33090	Single	Vitvi17g00799_P001	451.9	235
113024at33090	Single	Vitvi07g01606_P001	374.8	245
144144at33090	Duplicated	Vitvi08g01661_P001	294.3	187
144144at33090	Duplicated	Vitvi08g01661_P002	289.6	185
103267at33090	Single	Vitvi17g00083_P001	439.7	303
32730at33090	Duplicated	Vitvi13g01361_P001	710.1	489
32730at33090	Duplicated	Vitvi13g01369_P001	709.4	489
32730at33090	Duplicated	Vitvi13g01369_P002	709.4	489
101241at33090	Duplicated	Vitvi11g01444_P001	537.2	339
101241at33090	Duplicated	Vitvi11g01444_P002	537.2	339
101241at33090	Duplicated	Vitvi11g01444_P003	537.2	339
101241at33090	Duplicated	Vitvi13g01973_P001	189.6	333
101241at33090	Duplicated	Vitvi13g01973_P002	189.6	333
101241at33090	Duplicated	Vitvi06g00453_P001	189.3	333
101241at33090	Duplicated	Vitvi06g00453_P002	189.3	333
101241at33090	Duplicated	Vitvi06g00453_P003	189.3	333
101241at33090	Duplicated	Vitvi12g00837_P001	188.7	334
101241at33090	Duplicated	Vitvi12g00837_P002	188.7	334
101241at33090	Duplicated	Vitvi12g00837_P003	188.7	334
101241at33090	Duplicated	Vitvi12g00837_P004	188.7	334
101241at33090	Duplicated	Vitvi04g01613_P001	187.9	333
101241at33090	Duplicated	Vitvi08g01740_P001	187.0	333
101241at33090	Duplicated	Vitvi11g00056_P001	178.2	335
101241at33090	Duplicated	Vitvi12g00837_P005	176.2	296
101241at33090	Duplicated	Vitvi12g00837_P006	176.2	296
101241at33090	Duplicated	Vitvi14g01513_P001	150.8	335
101241at33090	Duplicated	Vitvi01g00596_P001	131.3	319
101241at33090	Duplicated	Vitvi13g00317_P001	128.9	309
101241at33090	Duplicated	Vitvi17g00351_P001	106.2	276
101241at33090	Duplicated	Vitvi17g00351_P002	105.1	312
101241at33090	Duplicated	Vitvi13g02492_P001	97.3	333
101241at33090	Duplicated	Vitvi19g00907_P001	92.1	256
215817at33090	Duplicated	Vitvi10g00915_P001	425.9	282
215817at33090	Duplicated	Vitvi10g00915_P002	425.9	282
177720at33090	Single	Vitvi14g00441_P001	545.6	391
119439at33090	Single	Vitvi08g01162_P001	522.3	337
41146at33090	Single	Vitvi05g01536_P001	831.3	451
52795at33090	Duplicated	Vitvi06g00043_P001	744.0	428
52795at33090	Duplicated	Vitvi15g00050_P001	347.9	344
52795at33090	Duplicated	Vitvi14g04053_P001	343.0	340
122367at33090	Single	Vitvi12g01658_P001	490.8	336
156843at33090	Duplicated	Vitvi15g00016_P001	302.8	183
156843at33090	Duplicated	Vitvi05g00254_P001	122.6	171
128774at33090	Single	Vitvi03g00396_P001	302.0	216
176328at33090	Single	Vitvi18g02360_P001	756.8	498
35887at33090	Single	Vitvi14g00891_P001	776.1	567
183931at33090	Duplicated	Vitvi19g00749_P001	369.6	240
183931at33090	Duplicated	Vitvi19g00749_P002	369.6	240
183931at33090	Duplicated	Vitvi18g04499_P001	144.3	532
162794at33090	Duplicated	Vitvi08g01339_P001	475.1	246
162794at33090	Duplicated	Vitvi03g00308_P001	152.6	198
200687at33090	Single	Vitvi16g01388_P001	334.0	182
23853at33090	Single	Vitvi07g00175_P001	878.2	631
136579at33090	Single	Vitvi14g01886_P001	407.3	316
200488at33090	Duplicated	Vitvi05g01592_P002	360.7	254
200488at33090	Duplicated	Vitvi05g01592_P001	350.5	254
229764at33090	Single	Vitvi02g00738_P001	493.2	294
140876at33090	Single	Vitvi04g00376_P001	365.5	212
158957at33090	Single	Vitvi04g01130_P001	264.1	160
75785at33090	Duplicated	Vitvi17g01459_P001	440.5	343
75785at33090	Duplicated	Vitvi17g01459_P002	416.5	301
137787at33090	Duplicated	Vitvi10g00080_P001	609.2	477
137787at33090	Duplicated	Vitvi12g00345_P001	73.0	470
147083at33090	Single	Vitvi18g01008_P001	312.6	234
44063at33090	Single	Vitvi07g01830_P001	742.1	430
13039at33090	Single	Vitvi10g00054_P001	1295.6	709
15682at33090	Single	Vitvi06g01268_P001	1080.9	720
207898at33090	Single	Vitvi06g01351_P001	264.9	157
216228at33090	Single	Vitvi13g00707_P001	263.7	161
71620at33090	Duplicated	Vitvi05g00990_P001	533.6	338
71620at33090	Duplicated	Vitvi05g00990_P002	533.6	338
33264at33090	Duplicated	Vitvi10g00023_P001	722.3	471
33264at33090	Duplicated	Vitvi10g00023_P002	722.3	471
33264at33090	Duplicated	Vitvi10g00023_P003	686.5	395
33264at33090	Duplicated	Vitvi10g00023_P004	619.4	353
164019at33090	Single	Vitvi13g00534_P001	265.9	217
72992at33090	Single	Vitvi11g00024_P001	626.5	427
32923at33090	Single	Vitvi10g00571_P001	1258.5	698
122422at33090	Duplicated	Vitvi18g01573_P001	399.9	246
122422at33090	Duplicated	Vitvi16g01070_P001	96.8	217
122422at33090	Duplicated	Vitvi17g00881_P001	96.5	215
122422at33090	Duplicated	Vitvi02g00309_P001	95.0	217
122422at33090	Duplicated	Vitvi16g01908_P001	94.8	216
122422at33090	Duplicated	Vitvi16g01907_P001	94.2	216
122422at33090	Duplicated	Vitvi02g00192_P001	89.6	220
122422at33090	Duplicated	Vitvi08g01168_P001	88.2	215
122422at33090	Duplicated	Vitvi16g01070_P002	87.8	174
122422at33090	Duplicated	Vitvi17g00005_P001	87.0	173
122422at33090	Duplicated	Vitvi06g01043_P001	73.2	185
122422at33090	Duplicated	Vitvi15g01182_P002	61.2	171
122422at33090	Duplicated	Vitvi15g01182_P003	61.0	170
122422at33090	Duplicated	Vitvi15g01187_P001	60.6	176
122422at33090	Duplicated	Vitvi17g01324_P001	60.0	180
122422at33090	Duplicated	Vitvi12g00346_P001	55.1	176
182952at33090	Duplicated	Vitvi04g00297_P001	286.8	196
182952at33090	Duplicated	Vitvi04g00297_P002	265.0	185
193777at33090	Duplicated	Vitvi07g01831_P001	454.5	251
193777at33090	Duplicated	Vitvi07g01831_P002	454.5	251
193777at33090	Duplicated	Vitvi07g01831_P003	430.3	235
193777at33090	Duplicated	Vitvi07g01831_P004	430.3	235
58672at33090	Duplicated	Vitvi04g01082_P001	466.6	302
58672at33090	Duplicated	Vitvi04g01082_P002	466.6	302
58672at33090	Duplicated	Vitvi04g01082_P003	466.6	302
209516at33090	Single	Vitvi15g00574_P001	332.8	166
121303at33090	Single	Vitvi15g01088_P001	585.3	359
131874at33090	Duplicated	Vitvi16g00936_P001	896.3	523
131874at33090	Duplicated	Vitvi16g00936_P002	896.3	523
131874at33090	Duplicated	Vitvi16g00936_P003	896.3	523
131874at33090	Duplicated	Vitvi08g01627_P001	675.2	904
131874at33090	Duplicated	Vitvi05g00262_P001	674.2	855
131874at33090	Duplicated	Vitvi19g01671_P001	673.0	920
131874at33090	Duplicated	Vitvi10g00702_P001	671.2	925
131874at33090	Duplicated	Vitvi14g01928_P001	670.3	915
131874at33090	Duplicated	Vitvi07g00534_P001	669.8	927
131874at33090	Duplicated	Vitvi18g01148_P001	669.2	930
131874at33090	Duplicated	Vitvi05g00261_P001	667.8	925
131874at33090	Duplicated	Vitvi14g01865_P001	665.4	910
131874at33090	Duplicated	Vitvi10g00705_P001	663.0	930
131874at33090	Duplicated	Vitvi19g00429_P001	660.1	917
131874at33090	Duplicated	Vitvi02g00726_P001	652.9	951
131874at33090	Duplicated	Vitvi01g00605_P001	652.1	905
131874at33090	Duplicated	Vitvi10g00706_P001	641.2	898
131874at33090	Duplicated	Vitvi11g00269_P001	630.7	933
131874at33090	Duplicated	Vitvi17g00972_P001	626.5	920
131874at33090	Duplicated	Vitvi09g00053_P001	621.3	902
131874at33090	Duplicated	Vitvi16g01307_P001	604.5	830
131874at33090	Duplicated	Vitvi13g00252_P001	537.1	919
131874at33090	Duplicated	Vitvi06g00409_P001	532.9	943
131874at33090	Duplicated	Vitvi13g00252_P002	517.5	707
131874at33090	Duplicated	Vitvi17g00485_P001	394.0	507
131874at33090	Duplicated	Vitvi14g02935_P001	389.9	475
131874at33090	Duplicated	Vitvi14g02934_P001	376.8	506
131874at33090	Duplicated	Vitvi01g00650_P002	329.0	446
131874at33090	Duplicated	Vitvi01g00650_P001	326.6	447
131874at33090	Duplicated	Vitvi14g01696_P001	312.8	452
131874at33090	Duplicated	Vitvi10g00888_P001	269.0	892
131874at33090	Duplicated	Vitvi10g00886_P001	268.9	682
131874at33090	Duplicated	Vitvi10g00886_P002	268.9	682
131874at33090	Duplicated	Vitvi08g01448_P001	253.3	444
1855at33090	Single	Vitvi14g01935_P001	2338.0	1743
9849at33090	Single	Vitvi09g00287_P001	927.3	880
210557at33090	Single	Vitvi18g00621_P001	161.6	127
190390at33090	Duplicated	Vitvi04g00484_P001	300.4	195
190390at33090	Duplicated	Vitvi06g00358_P001	113.9	189
190390at33090	Duplicated	Vitvi06g00358_P002	113.9	189
190390at33090	Duplicated	Vitvi06g00358_P003	113.9	189
190390at33090	Duplicated	Vitvi01g02210_P001	112.8	188
190390at33090	Duplicated	Vitvi08g00821_P001	112.5	214
190390at33090	Duplicated	Vitvi01g04368_P001	112.4	190
190390at33090	Duplicated	Vitvi18g00474_P001	112.2	216
190390at33090	Duplicated	Vitvi01g04367_P001	112.1	197
190390at33090	Duplicated	Vitvi01g02205_P001	111.8	192
190390at33090	Duplicated	Vitvi06g00771_P001	111.5	213
190390at33090	Duplicated	Vitvi03g00137_P001	110.4	171
190390at33090	Duplicated	Vitvi06g00768_P001	110.3	189
190390at33090	Duplicated	Vitvi18g00473_P001	109.8	198
190390at33090	Duplicated	Vitvi08g01143_P001	109.5	189
190390at33090	Duplicated	Vitvi08g01143_P002	109.5	189
190390at33090	Duplicated	Vitvi04g02306_P001	109.0	198
190390at33090	Duplicated	Vitvi08g00822_P001	108.9	194
190390at33090	Duplicated	Vitvi04g02166_P001	106.8	168
190390at33090	Duplicated	Vitvi18g00190_P001	106.1	198
190390at33090	Duplicated	Vitvi18g00476_P001	106.0	191
190390at33090	Duplicated	Vitvi18g02592_P001	105.0	205
190390at33090	Duplicated	Vitvi16g01332_P001	102.5	200
190390at33090	Duplicated	Vitvi13g00143_P001	102.0	200
190390at33090	Duplicated	Vitvi18g00256_P002	100.3	189
190390at33090	Duplicated	Vitvi18g00256_P001	99.7	189
190390at33090	Duplicated	Vitvi14g02451_P001	98.7	210
190390at33090	Duplicated	Vitvi14g02447_P001	97.8	209
190390at33090	Duplicated	Vitvi07g00478_P001	97.4	191
190390at33090	Duplicated	Vitvi07g02029_P001	96.2	211
190390at33090	Duplicated	Vitvi04g01378_P001	96.1	191
190390at33090	Duplicated	Vitvi12g04044_P001	95.8	184
190390at33090	Duplicated	Vitvi08g00823_P001	95.8	199
190390at33090	Duplicated	Vitvi07g01502_P001	95.8	188
190390at33090	Duplicated	Vitvi16g01331_P001	95.2	206
190390at33090	Duplicated	Vitvi12g02237_P001	93.0	182
190390at33090	Duplicated	Vitvi14g02448_P001	92.5	168
190390at33090	Duplicated	Vitvi07g01614_P001	92.3	199
190390at33090	Duplicated	Vitvi04g00635_P001	92.0	179
190390at33090	Duplicated	Vitvi01g01359_P001	91.9	193
163833at33090	Single	Vitvi09g01169_P001	663.7	359
16726at33090	Duplicated	Vitvi07g00270_P002	1096.6	725
16726at33090	Duplicated	Vitvi07g00270_P001	1096.6	726
16726at33090	Duplicated	Vitvi08g01002_P001	547.8	534
16726at33090	Duplicated	Vitvi17g00877_P001	540.0	537
16726at33090	Duplicated	Vitvi06g01303_P001	525.5	471
16726at33090	Duplicated	Vitvi08g00956_P002	450.4	485
16726at33090	Duplicated	Vitvi08g00956_P001	449.8	485
16726at33090	Duplicated	Vitvi01g01552_P001	405.6	492
16726at33090	Duplicated	Vitvi10g01535_P001	378.9	497
16726at33090	Duplicated	Vitvi10g01213_P001	298.2	455
42407at33090	Duplicated	Vitvi01g01413_P001	959.7	747
42407at33090	Duplicated	Vitvi18g00624_P001	176.0	688
188436at33090	Single	Vitvi12g00137_P001	295.6	177
238204at33090	Single	Vitvi12g00717_P001	140.9	73
161269at33090	Single	Vitvi17g00109_P001	339.0	184
88295at33090	Single	Vitvi19g00105_P001	479.1	317
184776at33090	Duplicated	Vitvi07g00449_P001	283.3	154
184776at33090	Duplicated	Vitvi12g02014_P001	138.5	150
2at33090	Single	Vitvi09g00135_P001	4700.8	3671
169007at33090	Single	Vitvi05g01872_P001	253.4	147
177296at33090	Single	Vitvi11g00299_P001	279.2	162
125747at33090	Duplicated	Vitvi03g00025_P001	275.7	206
125747at33090	Duplicated	Vitvi03g00025_P002	257.0	192
101701at33090	Single	Vitvi13g00087_P001	809.8	514
168563at33090	Duplicated	Vitvi17g01204_P001	249.2	174
168563at33090	Duplicated	Vitvi08g00953_P001	122.7	113
168563at33090	Duplicated	Vitvi02g01852_P001	102.0	292
168563at33090	Duplicated	Vitvi07g01363_P001	67.4	233
168563at33090	Duplicated	Vitvi18g00390_P001	61.0	249
168563at33090	Duplicated	Vitvi19g00122_P001	59.2	256
168563at33090	Duplicated	Vitvi12g00193_P001	58.1	260
168563at33090	Duplicated	Vitvi04g01024_P001	57.4	355
168563at33090	Duplicated	Vitvi08g01959_P001	56.3	240
50512at33090	Single	Vitvi07g01211_P001	422.5	351
206170at33090	Single	Vitvi08g01624_P001	277.0	155
107413at33090	Single	Vitvi09g00442_P001	616.8	356
182493at33090	Single	Vitvi17g00384_P001	221.9	173
209302at33090	Single	Vitvi02g01173_P001	340.8	186
192376at33090	Single	Vitvi04g00200_P001	177.3	105
196410at33090	Duplicated	Vitvi10g04519_P001	362.7	221
196410at33090	Duplicated	Vitvi10g04519_P002	350.6	221
196410at33090	Duplicated	Vitvi10g04519_P003	271.0	166
174213at33090	Single	Vitvi13g02503_P001	301.1	196
192090at33090	Duplicated	Vitvi08g00114_P001	705.3	463
192090at33090	Duplicated	Vitvi05g00782_P001	602.8	464
192090at33090	Duplicated	Vitvi05g00782_P002	602.8	464
184405at33090	Single	Vitvi07g01219_P001	454.9	320
111249at33090	Single	Vitvi07g04577_P001	389.7	253
196991at33090	Duplicated	Vitvi08g01719_P001	223.0	216
196991at33090	Duplicated	Vitvi14g00028_P001	28.8	179
120589at33090	Single	Vitvi04g00901_P001	684.2	429
111924at33090	Single	Vitvi18g00684_P001	425.2	273
31155at33090	Single	Vitvi11g00524_P001	911.2	596
186340at33090	Single	Vitvi14g00069_P001	343.3	177
67389at33090	Single	Vitvi02g00194_P001	571.8	409
104218at33090	Single	Vitvi19g00666_P001	552.6	299
84264at33090	Duplicated	Vitvi19g00730_P001	707.7	652
84264at33090	Duplicated	Vitvi19g00730_P002	617.0	596
84264at33090	Duplicated	Vitvi19g00730_P003	598.7	537
139450at33090	Duplicated	Vitvi06g01529_P001	322.8	239
139450at33090	Duplicated	Vitvi06g01529_P002	322.8	239
139450at33090	Duplicated	Vitvi12g01939_P001	135.8	1000
139450at33090	Duplicated	Vitvi09g04221_P001	131.5	1062
139450at33090	Duplicated	Vitvi19g00246_P001	131.2	516
139450at33090	Duplicated	Vitvi12g02179_P001	125.8	692
139450at33090	Duplicated	Vitvi06g00042_P001	124.0	719
139450at33090	Duplicated	Vitvi12g02239_P001	122.4	975
139450at33090	Duplicated	Vitvi11g00279_P001	121.8	342
139450at33090	Duplicated	Vitvi11g00749_P001	121.4	700
139450at33090	Duplicated	Vitvi10g04478_P001	118.9	677
139450at33090	Duplicated	Vitvi10g00742_P001	117.6	577
139450at33090	Duplicated	Vitvi09g01812_P001	116.2	884
139450at33090	Duplicated	Vitvi09g04215_P001	114.7	731
139450at33090	Duplicated	Vitvi09g01145_P001	113.9	862
139450at33090	Duplicated	Vitvi10g04490_P001	112.4	559
139450at33090	Duplicated	Vitvi16g04154_P001	111.6	547
139450at33090	Duplicated	Vitvi11g00776_P001	110.9	592
139450at33090	Duplicated	Vitvi10g04413_P001	110.6	684
139450at33090	Duplicated	Vitvi16g01776_P001	110.3	1008
139450at33090	Duplicated	Vitvi10g00931_P001	110.0	699
139450at33090	Duplicated	Vitvi07g02290_P001	108.4	690
139450at33090	Duplicated	Vitvi17g00203_P001	108.1	759
139450at33090	Duplicated	Vitvi11g00535_P001	107.5	605
139450at33090	Duplicated	Vitvi12g04535_P001	107.2	863
139450at33090	Duplicated	Vitvi10g04487_P001	106.0	639
139450at33090	Duplicated	Vitvi18g03249_P001	105.2	711
139450at33090	Duplicated	Vitvi11g01457_P001	105.1	512
139450at33090	Duplicated	Vitvi07g02330_P001	105.1	850
139450at33090	Duplicated	Vitvi16g01772_P001	104.6	833
139450at33090	Duplicated	Vitvi10g04484_P001	104.4	688
139450at33090	Duplicated	Vitvi00g04369_P001	103.1	605
139450at33090	Duplicated	Vitvi07g02291_P001	102.7	792
139450at33090	Duplicated	Vitvi10g04476_P001	100.7	701
139450at33090	Duplicated	Vitvi12g02681_P001	100.2	820
139450at33090	Duplicated	Vitvi17g00878_P001	100.2	489
139450at33090	Duplicated	Vitvi17g00878_P002	100.2	489
139450at33090	Duplicated	Vitvi08g02139_P001	100.2	667
139450at33090	Duplicated	Vitvi16g01964_P001	100.1	851
139450at33090	Duplicated	Vitvi18g04736_P001	99.0	775
139450at33090	Duplicated	Vitvi04g01426_P001	98.8	501
139450at33090	Duplicated	Vitvi07g02289_P001	97.7	801
139450at33090	Duplicated	Vitvi18g00703_P001	97.7	412
139450at33090	Duplicated	Vitvi18g04758_P001	96.1	612
139450at33090	Duplicated	Vitvi09g01299_P001	95.0	511
139450at33090	Duplicated	Vitvi06g00036_P001	94.9	402
139450at33090	Duplicated	Vitvi12g02243_P001	94.8	834
139450at33090	Duplicated	Vitvi19g01446_P001	94.7	658
139450at33090	Duplicated	Vitvi12g04548_P001	94.3	640
139450at33090	Duplicated	Vitvi16g01355_P001	94.3	559
139450at33090	Duplicated	Vitvi01g00879_P001	94.1	459
139450at33090	Duplicated	Vitvi16g01937_P001	94.0	482
139450at33090	Duplicated	Vitvi18g01056_P001	93.3	500
139450at33090	Duplicated	Vitvi16g00630_P001	93.2	636
139450at33090	Duplicated	Vitvi16g00979_P001	92.2	714
139450at33090	Duplicated	Vitvi16g01967_P001	92.0	640
139450at33090	Duplicated	Vitvi09g01031_P001	91.7	637
139450at33090	Duplicated	Vitvi04g01143_P001	91.1	430
139450at33090	Duplicated	Vitvi09g04546_P001	91.0	492
139450at33090	Duplicated	Vitvi07g01861_P001	90.9	372
139450at33090	Duplicated	Vitvi04g00286_P001	89.8	475
139450at33090	Duplicated	Vitvi04g00286_P002	89.8	475
139450at33090	Duplicated	Vitvi19g00928_P001	89.7	478
139450at33090	Duplicated	Vitvi12g04532_P001	89.6	594
139450at33090	Duplicated	Vitvi08g02066_P001	89.5	696
139450at33090	Duplicated	Vitvi18g03099_P001	89.0	611
139450at33090	Duplicated	Vitvi05g00948_P001	88.7	504
139450at33090	Duplicated	Vitvi16g04420_P001	88.6	716
139450at33090	Duplicated	Vitvi18g01256_P001	88.2	455
139450at33090	Duplicated	Vitvi19g02292_P001	87.6	551
139450at33090	Duplicated	Vitvi16g01695_P001	87.3	658
139450at33090	Duplicated	Vitvi18g02379_P001	87.1	658
139450at33090	Duplicated	Vitvi12g00256_P001	87.0	481
139450at33090	Duplicated	Vitvi08g00716_P001	85.9	849
139450at33090	Duplicated	Vitvi09g01946_P001	85.9	521
139450at33090	Duplicated	Vitvi01g01258_P001	85.6	388
139450at33090	Duplicated	Vitvi16g01970_P001	85.2	554
139450at33090	Duplicated	Vitvi16g04409_P001	85.1	554
139450at33090	Duplicated	Vitvi16g04410_P001	85.1	554
139450at33090	Duplicated	Vitvi18g04584_P001	84.9	679
139450at33090	Duplicated	Vitvi19g00735_P001	84.7	451
139450at33090	Duplicated	Vitvi18g04285_P001	84.5	371
139450at33090	Duplicated	Vitvi18g01253_P001	84.5	466
139450at33090	Duplicated	Vitvi08g00863_P001	84.0	463
139450at33090	Duplicated	Vitvi08g02060_P001	83.4	659
139450at33090	Duplicated	Vitvi07g02294_P001	83.4	993
139450at33090	Duplicated	Vitvi07g01903_P001	83.1	260
139450at33090	Duplicated	Vitvi06g00037_P001	83.0	547
139450at33090	Duplicated	Vitvi03g01792_P001	82.7	595
139450at33090	Duplicated	Vitvi10g01548_P001	82.5	446
139450at33090	Duplicated	Vitvi08g02068_P001	82.4	746
139450at33090	Duplicated	Vitvi03g00783_P001	82.2	664
139450at33090	Duplicated	Vitvi12g01652_P001	82.0	666
139450at33090	Duplicated	Vitvi05g01343_P001	81.3	478
139450at33090	Duplicated	Vitvi06g00035_P001	81.1	440
139450at33090	Duplicated	Vitvi17g00656_P001	81.0	404
139450at33090	Duplicated	Vitvi18g03244_P001	80.2	533
139450at33090	Duplicated	Vitvi09g01335_P001	80.2	499
139450at33090	Duplicated	Vitvi04g01408_P001	80.0	501
139450at33090	Duplicated	Vitvi16g01898_P001	79.9	720
139450at33090	Duplicated	Vitvi09g04210_P001	79.6	505
139450at33090	Duplicated	Vitvi16g00856_P001	78.7	443
139450at33090	Duplicated	Vitvi08g04102_P001	78.3	562
139450at33090	Duplicated	Vitvi11g00764_P001	78.2	492
139450at33090	Duplicated	Vitvi12g04424_P001	78.1	373
139450at33090	Duplicated	Vitvi18g03246_P001	77.3	597
139450at33090	Duplicated	Vitvi17g04042_P001	77.2	620
139450at33090	Duplicated	Vitvi08g00703_P001	76.6	770
139450at33090	Duplicated	Vitvi04g00168_P001	76.0	397
139450at33090	Duplicated	Vitvi09g01893_P001	76.0	624
139450at33090	Duplicated	Vitvi13g00182_P001	75.3	411
139450at33090	Duplicated	Vitvi06g00039_P001	74.9	364
139450at33090	Duplicated	Vitvi14g03072_P001	74.8	274
139450at33090	Duplicated	Vitvi10g00503_P001	74.3	602
139450at33090	Duplicated	Vitvi16g01969_P001	73.8	692
139450at33090	Duplicated	Vitvi09g01187_P001	73.4	533
139450at33090	Duplicated	Vitvi09g01217_P001	73.2	462
139450at33090	Duplicated	Vitvi09g04545_P001	73.0	278
139450at33090	Duplicated	Vitvi16g01296_P001	72.6	401
139450at33090	Duplicated	Vitvi07g01821_P001	72.5	441
139450at33090	Duplicated	Vitvi14g02950_P001	72.3	313
139450at33090	Duplicated	Vitvi14g03074_P001	72.3	450
139450at33090	Duplicated	Vitvi12g02037_P001	72.1	512
139450at33090	Duplicated	Vitvi08g04101_P001	72.1	645
139450at33090	Duplicated	Vitvi07g04652_P001	72.0	473
139450at33090	Duplicated	Vitvi18g00587_P001	71.9	364
139450at33090	Duplicated	Vitvi02g00669_P001	71.7	284
139450at33090	Duplicated	Vitvi09g04205_P001	71.6	378
139450at33090	Duplicated	Vitvi10g00949_P001	71.6	446
139450at33090	Duplicated	Vitvi01g01006_P001	71.4	630
139450at33090	Duplicated	Vitvi01g00038_P001	71.4	435
139450at33090	Duplicated	Vitvi03g00936_P001	71.2	561
139450at33090	Duplicated	Vitvi18g03141_P001	70.9	553
139450at33090	Duplicated	Vitvi18g03141_P002	70.9	553
139450at33090	Duplicated	Vitvi01g04427_P001	70.5	455
139450at33090	Duplicated	Vitvi12g04285_P001	70.4	400
139450at33090	Duplicated	Vitvi11g00535_P003	70.3	493
139450at33090	Duplicated	Vitvi11g00535_P002	70.2	433
139450at33090	Duplicated	Vitvi18g01545_P001	70.2	554
139450at33090	Duplicated	Vitvi08g01902_P001	70.1	554
139450at33090	Duplicated	Vitvi01g02254_P001	69.9	552
139450at33090	Duplicated	Vitvi04g00031_P001	69.8	452
139450at33090	Duplicated	Vitvi18g04593_P001	69.5	562
139450at33090	Duplicated	Vitvi16g00501_P001	69.3	421
139450at33090	Duplicated	Vitvi18g02316_P001	69.3	579
139450at33090	Duplicated	Vitvi18g02316_P002	69.3	579
139450at33090	Duplicated	Vitvi18g02316_P003	69.3	579
139450at33090	Duplicated	Vitvi09g00790_P001	68.9	539
139450at33090	Duplicated	Vitvi18g01555_P001	68.7	516
139450at33090	Duplicated	Vitvi16g01941_P001	68.7	619
139450at33090	Duplicated	Vitvi04g00078_P001	68.2	361
139450at33090	Duplicated	Vitvi09g00678_P001	67.9	432
139450at33090	Duplicated	Vitvi08g02065_P001	67.6	632
139450at33090	Duplicated	Vitvi18g02080_P001	67.5	332
139450at33090	Duplicated	Vitvi08g02067_P001	67.4	444
139450at33090	Duplicated	Vitvi12g02491_P001	67.3	500
139450at33090	Duplicated	Vitvi08g04103_P001	66.5	406
139450at33090	Duplicated	Vitvi01g02252_P001	66.2	307
139450at33090	Duplicated	Vitvi14g01392_P001	66.1	378
139450at33090	Duplicated	Vitvi11g01641_P001	65.1	479
139450at33090	Duplicated	Vitvi14g03069_P001	64.8	310
139450at33090	Duplicated	Vitvi16g01877_P001	64.8	476
139450at33090	Duplicated	Vitvi10g02023_P001	64.8	314
139450at33090	Duplicated	Vitvi08g01863_P001	64.7	334
139450at33090	Duplicated	Vitvi18g01761_P001	64.6	368
139450at33090	Duplicated	Vitvi14g03055_P001	64.6	372
139450at33090	Duplicated	Vitvi11g00746_P001	64.6	422
139450at33090	Duplicated	Vitvi12g02623_P001	64.5	595
139450at33090	Duplicated	Vitvi09g04533_P001	64.2	366
139450at33090	Duplicated	Vitvi10g01406_P001	64.2	455
139450at33090	Duplicated	Vitvi06g00040_P001	63.9	249
139450at33090	Duplicated	Vitvi09g01253_P001	62.9	306
139450at33090	Duplicated	Vitvi10g02015_P001	62.8	366
139450at33090	Duplicated	Vitvi18g03248_P001	62.6	311
139450at33090	Duplicated	Vitvi11g00261_P001	62.6	569
139450at33090	Duplicated	Vitvi16g01549_P001	62.4	591
139450at33090	Duplicated	Vitvi05g04312_P001	61.6	432
139450at33090	Duplicated	Vitvi16g01950_P001	61.1	410
139450at33090	Duplicated	Vitvi12g02602_P001	61.0	393
139450at33090	Duplicated	Vitvi07g04655_P001	60.9	366
139450at33090	Duplicated	Vitvi08g01352_P001	60.8	428
139450at33090	Duplicated	Vitvi14g04578_P001	60.5	254
139450at33090	Duplicated	Vitvi08g01246_P001	60.5	640
139450at33090	Duplicated	Vitvi18g04453_P001	60.4	395
139450at33090	Duplicated	Vitvi05g00913_P001	60.1	465
139450at33090	Duplicated	Vitvi05g00913_P002	60.1	465
139450at33090	Duplicated	Vitvi07g04654_P001	60.1	392
139450at33090	Duplicated	Vitvi06g00691_P001	60.0	279
139450at33090	Duplicated	Vitvi16g00461_P001	59.9	431
139450at33090	Duplicated	Vitvi09g04532_P001	59.9	310
139450at33090	Duplicated	Vitvi11g00668_P001	59.7	330
139450at33090	Duplicated	Vitvi00g04337_P001	59.7	350
139450at33090	Duplicated	Vitvi18g01144_P001	59.6	415
139450at33090	Duplicated	Vitvi05g02074_P001	59.5	518
139450at33090	Duplicated	Vitvi04g00034_P001	59.5	610
139450at33090	Duplicated	Vitvi18g04767_P001	59.5	852
139450at33090	Duplicated	Vitvi19g00201_P001	59.1	444
139450at33090	Duplicated	Vitvi04g00022_P001	59.0	378
139450at33090	Duplicated	Vitvi04g00029_P001	58.7	338
139450at33090	Duplicated	Vitvi11g01479_P001	58.5	406
139450at33090	Duplicated	Vitvi01g02247_P001	58.2	314
139450at33090	Duplicated	Vitvi12g01780_P001	58.0	471
139450at33090	Duplicated	Vitvi14g03056_P001	58.0	271
139450at33090	Duplicated	Vitvi16g00605_P001	57.9	379
139450at33090	Duplicated	Vitvi17g00911_P001	57.3	334
139450at33090	Duplicated	Vitvi17g00680_P001	57.3	203
139450at33090	Duplicated	Vitvi18g04440_P001	57.1	354
139450at33090	Duplicated	Vitvi16g01767_P001	57.0	222
139450at33090	Duplicated	Vitvi12g01792_P001	56.9	473
139450at33090	Duplicated	Vitvi12g01792_P002	56.9	473
139450at33090	Duplicated	Vitvi16g00621_P001	56.2	244
139450at33090	Duplicated	Vitvi09g04480_P001	56.0	270
139450at33090	Duplicated	Vitvi10g04641_P001	56.0	390
139450at33090	Duplicated	Vitvi14g04677_P001	55.7	265
139450at33090	Duplicated	Vitvi04g04018_P001	55.6	368
139450at33090	Duplicated	Vitvi14g03057_P001	55.2	204
139450at33090	Duplicated	Vitvi14g03075_P001	55.0	220
139450at33090	Duplicated	Vitvi09g04565_P001	55.0	273
139450at33090	Duplicated	Vitvi18g04768_P001	54.3	271
139450at33090	Duplicated	Vitvi18g04447_P001	54.2	512
139450at33090	Duplicated	Vitvi09g04535_P001	54.0	263
139450at33090	Duplicated	Vitvi09g04203_P001	53.9	284
139450at33090	Duplicated	Vitvi19g01677_P001	53.9	568
139450at33090	Duplicated	Vitvi16g01141_P001	53.8	272
139450at33090	Duplicated	Vitvi09g04475_P001	53.7	342
139450at33090	Duplicated	Vitvi08g04100_P001	53.6	219
139450at33090	Duplicated	Vitvi12g04545_P001	53.5	326
139450at33090	Duplicated	Vitvi07g00688_P001	53.4	417
139450at33090	Duplicated	Vitvi18g01746_P001	53.4	605
139450at33090	Duplicated	Vitvi07g00543_P001	53.4	222
139450at33090	Duplicated	Vitvi09g04486_P001	53.2	210
139450at33090	Duplicated	Vitvi18g01743_P001	52.7	263
139450at33090	Duplicated	Vitvi16g04233_P001	52.3	375
139450at33090	Duplicated	Vitvi16g04245_P001	52.2	292
139450at33090	Duplicated	Vitvi18g02327_P001	52.0	222
139450at33090	Duplicated	Vitvi15g00122_P001	52.0	449
139450at33090	Duplicated	Vitvi18g00589_P001	52.0	380
139450at33090	Duplicated	Vitvi01g01439_P001	51.3	375
139450at33090	Duplicated	Vitvi01g01592_P001	51.0	294
139450at33090	Duplicated	Vitvi12g00694_P001	50.9	315
139450at33090	Duplicated	Vitvi13g00120_P001	50.3	257
139450at33090	Duplicated	Vitvi16g01940_P001	50.2	285
139450at33090	Duplicated	Vitvi08g02069_P001	50.1	386
139450at33090	Duplicated	Vitvi18g02375_P001	49.8	386
139450at33090	Duplicated	Vitvi09g00003_P001	49.7	452
139450at33090	Duplicated	Vitvi05g02059_P001	49.6	300
139450at33090	Duplicated	Vitvi04g00832_P001	49.4	211
139450at33090	Duplicated	Vitvi05g04238_P001	49.1	335
139450at33090	Duplicated	Vitvi06g01057_P001	49.0	293
217521at33090	Single	Vitvi10g00047_P001	171.0	131
13643at33090	Single	Vitvi16g00676_P001	1110.4	708
207179at33090	Single	Vitvi14g00696_P001	496.3	305
4115at33090	Duplicated	Vitvi13g01417_P001	1450.5	892
4115at33090	Duplicated	Vitvi13g01417_P002	1339.6	816
111213at33090	Single	Vitvi03g00052_P001	405.3	244
143963at33090	Single	Vitvi01g00269_P001	249.7	184
22109at33090	Single	Vitvi17g00938_P001	720.6	432
167932at33090	Single	Vitvi18g01218_P001	368.9	192
138782at33090	Single	Vitvi14g00246_P001	443.0	251
177964at33090	Duplicated	Vitvi01g01780_P001	373.2	194
177964at33090	Duplicated	Vitvi01g01780_P002	373.2	194
199163at33090	Single	Vitvi13g01915_P001	395.1	267
134078at33090	Single	Vitvi06g01132_P001	471.3	270
172000at33090	Single	Vitvi04g00278_P001	478.3	290
104557at33090	Single	Vitvi05g00891_P001	601.2	331
25435at33090	Single	Vitvi19g01159_P001	1048.6	729
167076at33090	Duplicated	Vitvi16g01827_P001	227.0	153
167076at33090	Duplicated	Vitvi16g01827_P003	227.0	153
167076at33090	Duplicated	Vitvi16g01827_P002	210.1	137
175792at33090	Single	Vitvi01g00270_P001	258.8	184
49092at33090	Single	Vitvi17g00555_P001	903.6	460
181108at33090	Single	Vitvi04g00229_P001	290.6	169
126427at33090	Duplicated	Vitvi15g01191_P001	391.2	254
126427at33090	Duplicated	Vitvi15g01191_P003	352.3	221
126427at33090	Duplicated	Vitvi15g01191_P002	350.7	221
158492at33090	Single	Vitvi07g01798_P001	327.5	200
150470at33090	Single	Vitvi01g00991_P001	332.4	249
117191at33090	Single	Vitvi07g00693_P001	431.3	280
144680at33090	Duplicated	Vitvi03g00216_P001	314.1	251
144680at33090	Duplicated	Vitvi08g00137_P001	114.2	280
144680at33090	Duplicated	Vitvi14g00497_P001	94.6	218
144680at33090	Duplicated	Vitvi14g01581_P001	93.8	368
144680at33090	Duplicated	Vitvi13g00099_P001	90.3	237
144680at33090	Duplicated	Vitvi01g00074_P003	88.9	203
144680at33090	Duplicated	Vitvi01g00074_P005	88.9	203
188180at33090	Duplicated	Vitvi06g01320_P003	287.7	144
188180at33090	Duplicated	Vitvi06g01320_P004	287.7	144
188180at33090	Duplicated	Vitvi06g01320_P005	287.7	144
188180at33090	Duplicated	Vitvi06g01320_P001	286.7	144
188180at33090	Duplicated	Vitvi06g01320_P002	286.7	144
188180at33090	Duplicated	Vitvi06g01320_P007	239.1	125
188180at33090	Duplicated	Vitvi06g01320_P006	237.7	125
209015at33090	Duplicated	Vitvi12g02297_P001	331.0	233
209015at33090	Duplicated	Vitvi12g02297_P002	330.4	217
209015at33090	Duplicated	Vitvi12g02297_P003	330.4	217
145061at33090	Duplicated	Vitvi05g00124_P001	821.7	472
145061at33090	Duplicated	Vitvi05g00124_P002	755.2	405
212331at33090	Single	Vitvi01g01620_P001	486.3	373
141861at33090	Single	Vitvi10g02268_P001	222.3	157
79950at33090	Single	Vitvi17g01209_P001	424.2	277
131556at33090	Single	Vitvi02g00674_P001	497.3	304
110222at33090	Single	Vitvi18g01687_P001	507.8	363
171195at33090	Single	Vitvi06g01140_P001	311.3	193
24at33090	Single	Vitvi14g01330_P001	5764.1	3569
217014at33090	Single	Vitvi01g00865_P001	350.6	209
76026at33090	Single	Vitvi12g00537_P001	498.6	343
196324at33090	Duplicated	Vitvi14g01180_P001	311.6	212
196324at33090	Duplicated	Vitvi14g01180_P002	255.9	178
40630at33090	Single	Vitvi18g01137_P001	1012.9	593
135892at33090	Duplicated	Vitvi01g01682_P001	723.4	428
135892at33090	Duplicated	Vitvi01g01682_P002	697.3	368
208706at33090	Single	Vitvi07g00132_P001	213.4	137
227848at33090	Duplicated	Vitvi09g00215_P001	275.1	190
227848at33090	Duplicated	Vitvi09g00215_P002	270.9	189
194467at33090	Single	Vitvi15g00919_P001	333.6	179
180674at33090	Single	Vitvi09g01263_P001	419.6	235
68169at33090	Single	Vitvi13g00034_P001	876.4	649
9044at33090	Single	Vitvi15g00932_P001	1382.5	869
87347at33090	Single	Vitvi08g01588_P001	1226.9	749
69137at33090	Single	Vitvi08g01717_P001	664.9	488
46307at33090	Single	Vitvi03g00513_P001	861.7	444
238385at33090	Single	Vitvi03g01612_P001	113.3	68
127059at33090	Duplicated	Vitvi04g00011_P001	613.3	320
127059at33090	Duplicated	Vitvi04g00011_P003	609.1	320
127059at33090	Duplicated	Vitvi04g00011_P002	601.5	320
106769at33090	Duplicated	Vitvi06g01125_P001	626.0	322
106769at33090	Duplicated	Vitvi06g01125_P002	626.0	322
223902at33090	Duplicated	Vitvi06g00322_P001	181.5	106
223902at33090	Duplicated	Vitvi14g00111_P001	171.2	187
223902at33090	Duplicated	Vitvi12g00453_P001	146.2	169
223902at33090	Duplicated	Vitvi18g00258_P001	135.6	184
223902at33090	Duplicated	Vitvi07g01942_P001	121.0	182
223902at33090	Duplicated	Vitvi06g00284_P002	110.8	166
223902at33090	Duplicated	Vitvi06g00284_P001	110.6	166
223902at33090	Duplicated	Vitvi13g00602_P001	95.3	225
28920at33090	Duplicated	Vitvi08g01158_P001	887.6	540
28920at33090	Duplicated	Vitvi07g01061_P001	354.1	428
28920at33090	Duplicated	Vitvi10g00754_P001	350.3	434
28920at33090	Duplicated	Vitvi07g00411_P001	347.6	451
28920at33090	Duplicated	Vitvi03g00023_P001	339.5	426
28920at33090	Duplicated	Vitvi01g01799_P001	323.7	472
28920at33090	Duplicated	Vitvi11g00619_P001	315.9	425
28920at33090	Duplicated	Vitvi02g00992_P001	301.8	440
143102at33090	Single	Vitvi04g00762_P001	510.7	276
192750at33090	Single	Vitvi02g00469_P001	397.2	213
195527at33090	Duplicated	Vitvi18g02917_P001	481.5	320
195527at33090	Duplicated	Vitvi05g00258_P001	116.6	233
74742at33090	Single	Vitvi11g00219_P001	353.9	301
196490at33090	Single	Vitvi11g01316_P001	303.6	214
74230at33090	Single	Vitvi12g02115_P001	714.2	376
170939at33090	Single	Vitvi17g00920_P001	621.4	337
18801at33090	Single	Vitvi16g00486_P001	1123.3	839
140683at33090	Single	Vitvi03g00250_P001	223.1	206
122831at33090	Single	Vitvi01g00823_P001	476.0	324
208707at33090	Single	Vitvi04g00626_P001	75.0	69
116516at33090	Single	Vitvi11g00967_P001	603.6	355
167325at33090	Duplicated	Vitvi06g00018_P001	206.6	149
167325at33090	Duplicated	Vitvi06g00018_P002	199.2	149
167325at33090	Duplicated	Vitvi15g01469_P001	111.9	148
192456at33090	Duplicated	Vitvi08g01318_P001	230.6	163
192456at33090	Duplicated	Vitvi08g01318_P002	228.2	144
192456at33090	Duplicated	Vitvi08g01854_P001	126.8	142
192456at33090	Duplicated	Vitvi01g01568_P001	120.6	137
192456at33090	Duplicated	Vitvi01g01568_P002	120.1	137
192456at33090	Duplicated	Vitvi13g00749_P001	110.3	143
83749at33090	Duplicated	Vitvi12g00464_P001	597.8	335
83749at33090	Duplicated	Vitvi09g00058_P001	317.8	353
83749at33090	Duplicated	Vitvi11g00041_P001	316.1	353
83749at33090	Duplicated	Vitvi11g00041_P002	316.1	353
83749at33090	Duplicated	Vitvi10g00753_P001	305.2	323
83749at33090	Duplicated	Vitvi02g00162_P001	294.7	327
147262at33090	Single	Vitvi05g00401_P001	404.0	242
69614at33090	Single	Vitvi18g00660_P001	574.6	347
219839at33090	Single	Vitvi05g00279_P001	240.2	124
109586at33090	Duplicated	Vitvi13g00277_P001	788.1	446
109586at33090	Duplicated	Vitvi07g01039_P001	189.5	431
109586at33090	Duplicated	Vitvi05g01200_P001	178.8	434
109586at33090	Duplicated	Vitvi05g01200_P002	129.4	382
210551at33090	Single	Vitvi07g01279_P001	318.3	182
5at33090	Single	Vitvi01g00171_P001	5652.4	3790
196198at33090	Duplicated	Vitvi13g01342_P001	155.9	94
196198at33090	Duplicated	Vitvi12g00453_P001	78.4	127
196198at33090	Duplicated	Vitvi18g00258_P001	76.6	152
196198at33090	Duplicated	Vitvi14g00111_P001	72.8	139
196198at33090	Duplicated	Vitvi07g01942_P001	71.0	138
196198at33090	Duplicated	Vitvi06g00284_P001	64.4	118
196198at33090	Duplicated	Vitvi06g00284_P002	64.4	118
196198at33090	Duplicated	Vitvi18g02974_P001	63.5	80
196198at33090	Duplicated	Vitvi10g01458_P001	62.3	80
196198at33090	Duplicated	Vitvi01g00907_P001	58.7	73
196198at33090	Duplicated	Vitvi18g01213_P001	53.8	80
196198at33090	Duplicated	Vitvi19g01880_P001	47.9	79
196198at33090	Duplicated	Vitvi19g00405_P001	46.7	74
196198at33090	Duplicated	Vitvi13g00602_P001	46.3	117
196198at33090	Duplicated	Vitvi12g00319_P001	46.0	73
196198at33090	Duplicated	Vitvi03g00514_P001	45.4	73
161559at33090	Duplicated	Vitvi05g01482_P001	379.1	260
161559at33090	Duplicated	Vitvi18g00532_P001	71.6	246
183313at33090	Single	Vitvi15g00821_P001	362.9	226
194372at33090	Duplicated	Vitvi16g00931_P001	187.1	101
194372at33090	Duplicated	Vitvi16g00931_P002	187.1	101
130279at33090	Single	Vitvi06g00115_P001	381.9	237
225336at33090	Single	Vitvi04g00163_P001	204.5	138
219128at33090	Single	Vitvi14g03001_P001	127.6	72
204117at33090	Single	Vitvi12g00747_P001	242.7	184
22618at33090	Single	Vitvi18g00096_P001	936.8	635
141370at33090	Duplicated	Vitvi08g01127_P001	368.4	211
141370at33090	Duplicated	Vitvi08g01127_P002	368.1	211
51214at33090	Duplicated	Vitvi11g00042_P001	653.1	412
51214at33090	Duplicated	Vitvi11g00042_P002	653.1	412
51214at33090	Duplicated	Vitvi17g00388_P001	371.1	405
51214at33090	Duplicated	Vitvi19g00487_P001	292.4	403
51214at33090	Duplicated	Vitvi13g00111_P001	285.2	404
7366at33090	Single	Vitvi05g00168_P001	1398.2	856
220587at33090	Single	Vitvi11g00576_P001	300.4	205
187866at33090	Duplicated	Vitvi08g01925_P001	210.5	188
187866at33090	Duplicated	Vitvi19g00481_P001	66.9	146
148839at33090	Single	Vitvi11g00187_P001	489.3	337
142077at33090	Duplicated	Vitvi18g00031_P001	418.2	248
142077at33090	Duplicated	Vitvi12g02485_P001	223.7	202
142077at33090	Duplicated	Vitvi07g02246_P001	220.6	201
142077at33090	Duplicated	Vitvi12g00050_P001	215.1	206
142077at33090	Duplicated	Vitvi10g01839_P001	214.3	201
142077at33090	Duplicated	Vitvi10g00740_P001	214.3	201
142077at33090	Duplicated	Vitvi19g01793_P001	214.1	201
142077at33090	Duplicated	Vitvi19g00298_P001	209.2	200
142077at33090	Duplicated	Vitvi10g00372_P001	208.1	200
142077at33090	Duplicated	Vitvi18g02408_P001	177.5	205
21857at33090	Single	Vitvi10g00379_P001	537.9	476
165103at33090	Duplicated	Vitvi13g00211_P001	398.2	235
165103at33090	Duplicated	Vitvi04g00144_P001	204.7	234
187914at33090	Duplicated	Vitvi16g01211_P001	478.0	344
187914at33090	Duplicated	Vitvi13g00359_P001	162.8	281
5305at33090	Single	Vitvi13g01428_P001	1269.6	831
67132at33090	Single	Vitvi06g00160_P001	837.2	508
120455at33090	Duplicated	Vitvi01g01378_P001	413.4	229
120455at33090	Duplicated	Vitvi01g01378_P002	413.4	229
231707at33090	Single	Vitvi15g00716_P001	358.9	217
68537at33090	Single	Vitvi18g00647_P001	529.1	370
150559at33090	Single	Vitvi14g01682_P001	262.1	170
383at33090	Single	Vitvi15g00944_P001	1918.0	1622
1363at33090	Single	Vitvi12g01904_P001	1644.8	1089
112238at33090	Duplicated	Vitvi06g00207_P001	776.6	525
112238at33090	Duplicated	Vitvi06g00054_P001	664.9	481
196325at33090	Duplicated	Vitvi08g01212_P001	288.5	240
196325at33090	Duplicated	Vitvi18g04499_P001	85.6	316
175963at33090	Single	Vitvi05g00781_P001	364.6	202
133622at33090	Duplicated	Vitvi07g01708_P001	384.0	278
133622at33090	Duplicated	Vitvi07g01708_P002	383.5	280
133622at33090	Duplicated	Vitvi07g01708_P003	266.1	219
92579at33090	Single	Vitvi08g00198_P001	495.0	321
161966at33090	Single	Vitvi07g01181_P001	358.7	206
171627at33090	Single	Vitvi04g00962_P001	183.0	137
197780at33090	Single	Vitvi14g03097_P001	346.0	182
6843at33090	Single	Vitvi14g04019_P001	1415.7	812
68957at33090	Single	Vitvi19g00114_P001	679.7	430
102307at33090	Single	Vitvi05g01626_P001	589.8	293
234046at33090	Duplicated	Vitvi11g00939_P001	170.2	117
234046at33090	Duplicated	Vitvi11g00939_P002	166.7	112
6512at33090	Single	Vitvi16g01181_P001	937.3	741
12439at33090	Single	Vitvi08g01233_P001	1240.2	734
53527at33090	Duplicated	Vitvi08g00930_P001	1253.8	714
53527at33090	Duplicated	Vitvi08g00930_P002	1253.8	714
53527at33090	Duplicated	Vitvi08g00930_P003	1253.8	714
53527at33090	Duplicated	Vitvi08g00930_P004	1253.8	714
53416at33090	Single	Vitvi15g00502_P001	521.8	360
167850at33090	Duplicated	Vitvi07g02467_P001	197.9	164
167850at33090	Duplicated	Vitvi07g02467_P002	197.9	164
167850at33090	Duplicated	Vitvi07g02467_P003	197.9	164
137771at33090	Single	Vitvi17g01021_P001	920.5	530
203023at33090	Single	Vitvi14g00410_P001	240.8	137
193982at33090	Duplicated	Vitvi02g00679_P001	245.5	160
193982at33090	Duplicated	Vitvi02g00679_P002	245.5	160
205308at33090	Duplicated	Vitvi19g00156_P001	326.9	188
205308at33090	Duplicated	Vitvi07g00171_P001	133.7	155
205308at33090	Duplicated	Vitvi07g00171_P002	133.7	155
205308at33090	Duplicated	Vitvi07g00171_P003	133.7	155
205308at33090	Duplicated	Vitvi14g01770_P001	129.3	164
156887at33090	Single	Vitvi04g01694_P001	327.6	194
133112at33090	Single	Vitvi14g00557_P001	335.4	262
189891at33090	Single	Vitvi13g01779_P001	362.3	209
52435at33090	Single	Vitvi09g00004_P001	925.6	455
149782at33090	Single	Vitvi14g01582_P001	255.7	176
199618at33090	Duplicated	Vitvi13g00159_P001	512.3	325
199618at33090	Duplicated	Vitvi14g01349_P001	102.9	257
198012at33090	Single	Vitvi10g00526_P001	189.7	122
63411at33090	Single	Vitvi11g00368_P001	676.3	370
152317at33090	Duplicated	Vitvi17g00579_P001	374.3	235
152317at33090	Duplicated	Vitvi17g00579_P002	374.2	235
220316at33090	Duplicated	Vitvi08g02036_P001	171.1	136
220316at33090	Duplicated	Vitvi08g02036_P002	171.1	136
166645at33090	Single	Vitvi14g02046_P001	1307.4	988
109823at33090	Single	Vitvi09g01137_P001	467.6	265
112461at33090	Single	Vitvi04g01383_P001	682.7	387
213827at33090	Single	Vitvi05g01566_P001	255.6	136
173143at33090	Single	Vitvi15g00613_P001	237.9	155
193683at33090	Single	Vitvi13g00932_P001	193.6	152
116585at33090	Duplicated	Vitvi04g00150_P001	463.6	288
116585at33090	Duplicated	Vitvi04g00150_P002	360.8	235
69505at33090	Duplicated	Vitvi11g00268_P001	571.0	397
69505at33090	Duplicated	Vitvi11g00268_P002	403.5	314
1557at33090	Single	Vitvi01g01331_P001	1427.9	1010
90872at33090	Duplicated	Vitvi09g01947_P001	648.1	338
90872at33090	Duplicated	Vitvi09g01947_P002	648.1	338
92418at33090	Single	Vitvi03g00203_P001	572.2	292
183719at33090	Single	Vitvi04g00313_P001	537.0	332
37699at33090	Single	Vitvi05g00872_P001	952.8	611
202025at33090	Single	Vitvi17g00254_P001	263.5	156
144765at33090	Single	Vitvi18g00244_P001	416.3	255
110225at33090	Single	Vitvi04g01183_P001	800.8	467
136267at33090	Duplicated	Vitvi19g00501_P001	334.6	252
136267at33090	Duplicated	Vitvi19g00501_P002	292.3	217
179975at33090	Duplicated	Vitvi02g00509_P005	321.7	171
179975at33090	Duplicated	Vitvi02g00509_P001	320.6	171
179975at33090	Duplicated	Vitvi02g00509_P004	320.2	171
179975at33090	Duplicated	Vitvi02g00509_P006	229.6	123
179975at33090	Duplicated	Vitvi02g00509_P003	228.2	123
179975at33090	Duplicated	Vitvi02g00509_P002	227.8	123
179975at33090	Duplicated	Vitvi02g00509_P007	227.8	123
43683at33090	Duplicated	Vitvi08g00937_P001	815.3	515
43683at33090	Duplicated	Vitvi08g00937_P002	586.7	394
43683at33090	Duplicated	Vitvi09g00239_P001	271.1	571
182936at33090	Duplicated	Vitvi12g02007_P001	354.0	248
182936at33090	Duplicated	Vitvi12g02007_P002	354.0	248
231151at33090	Single	Vitvi09g00118_P001	248.4	194
188938at33090	Duplicated	Vitvi14g01239_P001	339.3	182
188938at33090	Duplicated	Vitvi14g01239_P002	339.3	182
55448at33090	Single	Vitvi16g01087_P001	819.4	420
103382at33090	Single	Vitvi01g00538_P001	333.2	222
142382at33090	Duplicated	Vitvi06g04007_P001	284.8	197
142382at33090	Duplicated	Vitvi06g04007_P003	273.4	197
172666at33090	Duplicated	Vitvi14g01746_P001	355.1	201
172666at33090	Duplicated	Vitvi14g01746_P002	355.1	201
172666at33090	Duplicated	Vitvi14g01746_P003	355.1	201
172666at33090	Duplicated	Vitvi14g01746_P004	355.1	201
172666at33090	Duplicated	Vitvi14g01746_P005	355.1	201
22958at33090	Single	Vitvi04g01013_P001	1105.0	694
203818at33090	Single	Vitvi07g00312_P001	155.5	114
185696at33090	Duplicated	Vitvi15g00856_P002	673.9	584
185696at33090	Duplicated	Vitvi15g00856_P001	673.7	588
161309at33090	Single	Vitvi15g00544_P001	335.7	244
64272at33090	Single	Vitvi01g00006_P001	881.0	707
215062at33090	Duplicated	Vitvi12g00651_P001	231.4	142
215062at33090	Duplicated	Vitvi12g00651_P002	221.3	131
65263at33090	Single	Vitvi04g01490_P001	478.7	343
50528at33090	Duplicated	Vitvi15g00849_P001	551.2	398
50528at33090	Duplicated	Vitvi15g00849_P002	504.2	398
193437at33090	Single	Vitvi15g00951_P001	210.1	131
172535at33090	Duplicated	Vitvi03g01017_P001	664.2	392
172535at33090	Duplicated	Vitvi03g01017_P003	664.2	392
172535at33090	Duplicated	Vitvi03g01017_P004	664.2	392
172535at33090	Duplicated	Vitvi03g01017_P005	664.2	392
172535at33090	Duplicated	Vitvi03g01017_P006	664.2	392
172535at33090	Duplicated	Vitvi03g01017_P002	654.7	385
172535at33090	Duplicated	Vitvi04g02205_P001	37.8	331
172535at33090	Duplicated	Vitvi04g02205_P002	35.8	331
195185at33090	Single	Vitvi06g00598_P001	375.7	208
204880at33090	Single	Vitvi01g01772_P001	367.0	211
23444at33090	Duplicated	Vitvi09g00015_P003	599.3	444
23444at33090	Duplicated	Vitvi09g00015_P001	599.2	444
23444at33090	Duplicated	Vitvi09g00015_P002	599.2	444
60262at33090	Duplicated	Vitvi16g00436_P001	636.9	361
60262at33090	Duplicated	Vitvi07g01647_P002	48.7	231
123838at33090	Single	Vitvi01g01652_P001	358.5	264
185214at33090	Single	Vitvi15g00854_P002	236.6	173
255at33090	Single	Vitvi04g00992_P001	3585.0	2297
105867at33090	Single	Vitvi07g01998_P001	493.9	301
89796at33090	Single	Vitvi02g00662_P001	902.3	575
136118at33090	Single	Vitvi07g00697_P001	809.2	437
122958at33090	Single	Vitvi15g00564_P001	476.1	270
191581at33090	Single	Vitvi14g00284_P001	402.9	224
206164at33090	Duplicated	Vitvi14g00150_P001	260.9	142
206164at33090	Duplicated	Vitvi14g00150_P002	260.9	142
63853at33090	Single	Vitvi04g04036_P001	664.9	345
4004at33090	Duplicated	Vitvi08g01790_P001	1698.0	1108
4004at33090	Duplicated	Vitvi10g00884_P001	167.1	724
4004at33090	Duplicated	Vitvi13g00236_P001	160.5	838
90240at33090	Single	Vitvi19g01737_P001	525.4	331
211645at33090	Single	Vitvi17g00740_P001	359.7	214
229782at33090	Duplicated	Vitvi08g01215_P001	124.4	65
229782at33090	Duplicated	Vitvi08g01215_P002	124.4	65
11664at33090	Single	Vitvi13g01173_P001	1103.5	695
114996at33090	Single	Vitvi13g01959_P001	1335.1	926
163097at33090	Single	Vitvi14g01782_P001	532.3	305
195354at33090	Single	Vitvi18g00614_P001	246.6	157
215487at33090	Single	Vitvi06g01940_P001	106.8	91
69073at33090	Single	Vitvi14g01894_P001	470.9	295
37663at33090	Duplicated	Vitvi06g01004_P001	846.5	538
37663at33090	Duplicated	Vitvi06g01004_P002	846.5	538
182513at33090	Single	Vitvi15g00440_P001	473.9	282
146921at33090	Single	Vitvi17g00030_P001	364.3	212
168270at33090	Single	Vitvi13g01710_P001	395.9	235
167217at33090	Single	Vitvi04g00235_P001	419.9	216
154870at33090	Single	Vitvi14g00798_P001	704.9	523
57004at33090	Single	Vitvi12g00420_P001	753.4	455
39913at33090	Single	Vitvi06g00286_P001	1080.3	544
176016at33090	Single	Vitvi07g00126_P001	305.7	157
11800at33090	Duplicated	Vitvi08g01177_P001	1979.1	1062
11800at33090	Duplicated	Vitvi08g01177_P002	1979.1	1062
34517at33090	Single	Vitvi12g00059_P001	1024.3	663
117247at33090	Duplicated	Vitvi18g02246_P002	486.0	272
117247at33090	Duplicated	Vitvi18g02246_P001	486.0	272
184066at33090	Duplicated	Vitvi02g00113_P001	166.7	95
184066at33090	Duplicated	Vitvi02g00113_P002	166.7	95
184066at33090	Duplicated	Vitvi02g00113_P003	141.9	95
131914at33090	Duplicated	Vitvi01g02160_P001	300.6	216
131914at33090	Duplicated	Vitvi01g02160_P002	285.9	193
188583at33090	Single	Vitvi14g00274_P001	422.9	242
146354at33090	Single	Vitvi18g02503_P001	286.3	190
160680at33090	Duplicated	Vitvi11g00954_P002	824.9	553
160680at33090	Duplicated	Vitvi11g00954_P001	822.2	557
173119at33090	Duplicated	Vitvi11g01241_P001	246.3	185
173119at33090	Duplicated	Vitvi15g00691_P001	81.5	173
173119at33090	Duplicated	Vitvi11g00017_P001	79.7	180
173119at33090	Duplicated	Vitvi06g00362_P001	72.8	151
173119at33090	Duplicated	Vitvi06g00403_P001	71.3	160
173119at33090	Duplicated	Vitvi05g00570_P001	66.4	171
173119at33090	Duplicated	Vitvi06g00403_P002	55.5	145
173119at33090	Duplicated	Vitvi06g00403_P003	55.5	145
164556at33090	Single	Vitvi19g01686_P001	205.2	148
41244at33090	Single	Vitvi19g00527_P001	775.3	435
194002at33090	Single	Vitvi07g02582_P001	229.0	145
198570at33090	Single	Vitvi18g00264_P001	471.0	275
95807at33090	Duplicated	Vitvi05g01540_P001	507.3	371
95807at33090	Duplicated	Vitvi05g01540_P004	506.9	371
95807at33090	Duplicated	Vitvi05g01540_P003	497.9	371
95807at33090	Duplicated	Vitvi05g01540_P002	424.9	307
175583at33090	Single	Vitvi15g00616_P001	183.9	131
130268at33090	Duplicated	Vitvi18g02186_P001	413.6	241
130268at33090	Duplicated	Vitvi18g02186_P002	413.6	241
126138at33090	Single	Vitvi02g00551_P001	642.7	439
142433at33090	Single	Vitvi07g01405_P001	286.9	224
26868at33090	Single	Vitvi08g00691_P001	798.5	508
9058at33090	Duplicated	Vitvi14g01804_P001	1081.8	912
9058at33090	Duplicated	Vitvi16g01007_P001	174.9	378
9058at33090	Duplicated	Vitvi15g00752_P001	164.2	308
9058at33090	Duplicated	Vitvi15g04658_P001	148.1	344
90301at33090	Single	Vitvi06g01122_P001	690.4	371
160064at33090	Single	Vitvi05g00712_P001	340.0	208
44526at33090	Single	Vitvi07g00194_P001	747.8	508
191125at33090	Single	Vitvi18g00173_P001	480.1	285
105044at33090	Single	Vitvi18g01182_P001	948.1	592
130637at33090	Duplicated	Vitvi07g01946_P001	474.0	258
130637at33090	Duplicated	Vitvi01g01546_P001	265.5	258
130637at33090	Duplicated	Vitvi17g00150_P001	256.6	254
130637at33090	Duplicated	Vitvi15g00289_P001	249.8	251
130637at33090	Duplicated	Vitvi15g00289_P002	249.8	251
130637at33090	Duplicated	Vitvi15g00289_P003	249.8	251
130637at33090	Duplicated	Vitvi18g00040_P001	233.1	243
130637at33090	Duplicated	Vitvi08g00019_P001	231.1	244
130637at33090	Duplicated	Vitvi14g01066_P001	230.8	249
130637at33090	Duplicated	Vitvi06g01074_P001	224.9	257
130637at33090	Duplicated	Vitvi06g01074_P002	224.9	257
130637at33090	Duplicated	Vitvi17g00255_P001	222.5	249
130637at33090	Duplicated	Vitvi00g04283_P001	221.1	255
130637at33090	Duplicated	Vitvi17g00648_P001	203.5	254
130637at33090	Duplicated	Vitvi19g00221_P001	202.8	252
130637at33090	Duplicated	Vitvi12g00301_P001	202.8	249
130637at33090	Duplicated	Vitvi12g00301_P002	202.8	249
130637at33090	Duplicated	Vitvi18g01607_P001	201.3	253
130637at33090	Duplicated	Vitvi05g00355_P001	200.8	250
130637at33090	Duplicated	Vitvi17g00057_P001	199.6	254
130637at33090	Duplicated	Vitvi07g01869_P001	198.9	254
130637at33090	Duplicated	Vitvi14g00382_P001	197.6	252
130637at33090	Duplicated	Vitvi14g00382_P002	197.6	252
130637at33090	Duplicated	Vitvi12g02060_P001	197.3	254
130637at33090	Duplicated	Vitvi05g01417_P001	196.6	253
130637at33090	Duplicated	Vitvi14g02006_P001	196.5	256
130637at33090	Duplicated	Vitvi04g01362_P001	196.4	248
130637at33090	Duplicated	Vitvi05g01634_P001	194.9	257
130637at33090	Duplicated	Vitvi18g01004_P001	193.3	248
130637at33090	Duplicated	Vitvi06g00356_P001	192.9	248
130637at33090	Duplicated	Vitvi04g02013_P001	192.2	253
130637at33090	Duplicated	Vitvi18g02188_P001	192.0	271
130637at33090	Duplicated	Vitvi06g00365_P001	185.0	248
130637at33090	Duplicated	Vitvi15g01077_P001	184.6	239
130637at33090	Duplicated	Vitvi02g00023_P001	184.5	246
130637at33090	Duplicated	Vitvi02g01139_P001	180.5	244
130637at33090	Duplicated	Vitvi07g01110_P001	178.8	244
130637at33090	Duplicated	Vitvi07g01110_P004	178.8	244
130637at33090	Duplicated	Vitvi07g01110_P002	178.6	244
130637at33090	Duplicated	Vitvi07g01110_P003	178.6	244
130637at33090	Duplicated	Vitvi05g00409_P002	176.8	247
130637at33090	Duplicated	Vitvi05g00409_P001	176.5	247
130637at33090	Duplicated	Vitvi17g00225_P001	173.7	245
130637at33090	Duplicated	Vitvi12g00032_P001	169.8	244
130637at33090	Duplicated	Vitvi19g00020_P001	168.1	262
130637at33090	Duplicated	Vitvi01g00417_P001	162.4	255
130637at33090	Duplicated	Vitvi10g00604_P002	153.6	247
130637at33090	Duplicated	Vitvi10g00604_P001	153.6	247
130637at33090	Duplicated	Vitvi12g00157_P001	152.8	258
130637at33090	Duplicated	Vitvi15g00840_P001	149.4	242
130637at33090	Duplicated	Vitvi14g00053_P002	149.1	242
130637at33090	Duplicated	Vitvi14g00053_P001	148.6	242
130637at33090	Duplicated	Vitvi14g00053_P003	148.6	242
130637at33090	Duplicated	Vitvi14g00053_P004	148.6	242
130637at33090	Duplicated	Vitvi07g00472_P001	146.9	247
130637at33090	Duplicated	Vitvi07g00472_P002	146.7	247
130637at33090	Duplicated	Vitvi14g01744_P001	143.9	242
130637at33090	Duplicated	Vitvi14g01744_P002	143.9	242
130637at33090	Duplicated	Vitvi11g00310_P001	140.6	247
130637at33090	Duplicated	Vitvi12g02045_P001	132.8	243
130637at33090	Duplicated	Vitvi12g02045_P002	132.8	243
130637at33090	Duplicated	Vitvi12g02045_P003	132.8	243
130637at33090	Duplicated	Vitvi04g01623_P002	117.8	250
130637at33090	Duplicated	Vitvi08g01267_P002	116.0	251
130637at33090	Duplicated	Vitvi08g01267_P004	116.0	251
130637at33090	Duplicated	Vitvi08g01267_P003	115.3	251
130637at33090	Duplicated	Vitvi08g01267_P001	115.1	251
130637at33090	Duplicated	Vitvi09g00239_P001	114.3	565
130637at33090	Duplicated	Vitvi18g00681_P001	113.6	264
130637at33090	Duplicated	Vitvi18g00681_P003	113.6	264
130637at33090	Duplicated	Vitvi04g04018_P001	112.0	278
130637at33090	Duplicated	Vitvi07g01605_P001	111.8	252
130637at33090	Duplicated	Vitvi07g01620_P001	110.8	253
130637at33090	Duplicated	Vitvi10g01887_P001	110.7	254
130637at33090	Duplicated	Vitvi04g01691_P001	109.2	252
130637at33090	Duplicated	Vitvi10g00600_P001	108.8	250
130637at33090	Duplicated	Vitvi05g00444_P001	108.4	251
130637at33090	Duplicated	Vitvi16g00165_P001	108.2	250
130637at33090	Duplicated	Vitvi12g04400_P001	107.3	249
130637at33090	Duplicated	Vitvi12g04400_P002	107.3	249
130637at33090	Duplicated	Vitvi02g00308_P001	107.1	252
130637at33090	Duplicated	Vitvi06g01084_P001	106.9	255
130637at33090	Duplicated	Vitvi06g01084_P002	106.9	255
130637at33090	Duplicated	Vitvi06g01084_P003	106.9	255
130637at33090	Duplicated	Vitvi18g00681_P002	106.5	258
130637at33090	Duplicated	Vitvi18g00681_P004	106.5	258
130637at33090	Duplicated	Vitvi09g00985_P001	105.6	253
130637at33090	Duplicated	Vitvi14g02002_P005	105.6	251
130637at33090	Duplicated	Vitvi14g00248_P001	105.0	251
130637at33090	Duplicated	Vitvi14g02002_P001	104.8	251
130637at33090	Duplicated	Vitvi14g02002_P002	104.8	251
130637at33090	Duplicated	Vitvi14g02002_P003	104.8	251
130637at33090	Duplicated	Vitvi14g02002_P006	104.8	251
130637at33090	Duplicated	Vitvi16g01071_P002	104.1	250
130637at33090	Duplicated	Vitvi01g00182_P001	103.8	251
130637at33090	Duplicated	Vitvi07g01620_P002	103.2	247
130637at33090	Duplicated	Vitvi15g00869_P001	103.0	250
130637at33090	Duplicated	Vitvi14g00434_P001	103.0	250
130637at33090	Duplicated	Vitvi18g00487_P001	102.8	249
130637at33090	Duplicated	Vitvi11g01298_P002	102.7	256
130637at33090	Duplicated	Vitvi06g00191_P001	101.8	250
130637at33090	Duplicated	Vitvi06g00191_P002	101.8	250
130637at33090	Duplicated	Vitvi06g00191_P003	101.8	250
130637at33090	Duplicated	Vitvi06g00779_P001	101.8	250
130637at33090	Duplicated	Vitvi16g00030_P001	101.8	240
130637at33090	Duplicated	Vitvi11g01298_P001	101.7	256
130637at33090	Duplicated	Vitvi08g01866_P001	101.7	250
130637at33090	Duplicated	Vitvi08g01866_P002	101.7	250
130637at33090	Duplicated	Vitvi07g00090_P001	101.7	249
130637at33090	Duplicated	Vitvi12g00131_P001	101.4	377
130637at33090	Duplicated	Vitvi06g00947_P001	101.3	250
130637at33090	Duplicated	Vitvi18g00561_P001	100.8	255
130637at33090	Duplicated	Vitvi10g00599_P001	100.7	254
130637at33090	Duplicated	Vitvi09g01287_P001	100.6	250
130637at33090	Duplicated	Vitvi08g00828_P001	100.5	251
130637at33090	Duplicated	Vitvi08g00835_P001	100.4	250
130637at33090	Duplicated	Vitvi18g00329_P001	100.3	252
130637at33090	Duplicated	Vitvi05g00363_P001	99.9	252
130637at33090	Duplicated	Vitvi15g00814_P001	99.8	255
130637at33090	Duplicated	Vitvi09g00981_P001	99.6	250
130637at33090	Duplicated	Vitvi08g01091_P001	99.0	236
130637at33090	Duplicated	Vitvi08g01091_P002	99.0	236
130637at33090	Duplicated	Vitvi08g01091_P004	99.0	236
130637at33090	Duplicated	Vitvi16g01071_P003	98.9	250
130637at33090	Duplicated	Vitvi11g00677_P001	98.8	251
130637at33090	Duplicated	Vitvi12g02545_P001	98.7	250
130637at33090	Duplicated	Vitvi16g01071_P001	98.4	250
130637at33090	Duplicated	Vitvi17g00942_P004	98.3	244
130637at33090	Duplicated	Vitvi17g00942_P003	98.3	244
130637at33090	Duplicated	Vitvi18g00681_P005	98.2	223
130637at33090	Duplicated	Vitvi11g01298_P003	97.9	256
130637at33090	Duplicated	Vitvi08g00935_P001	97.7	253
130637at33090	Duplicated	Vitvi07g01620_P003	97.4	223
130637at33090	Duplicated	Vitvi04g00041_P001	97.4	255
130637at33090	Duplicated	Vitvi17g00942_P002	97.3	244
130637at33090	Duplicated	Vitvi06g00296_P001	97.3	252
130637at33090	Duplicated	Vitvi06g00296_P002	97.2	252
130637at33090	Duplicated	Vitvi13g00149_P001	96.9	254
130637at33090	Duplicated	Vitvi01g00623_P002	96.7	242
130637at33090	Duplicated	Vitvi17g00942_P001	96.7	244
130637at33090	Duplicated	Vitvi04g00512_P001	96.5	250
130637at33090	Duplicated	Vitvi00g04400_P001	95.8	237
130637at33090	Duplicated	Vitvi16g00935_P002	95.5	253
130637at33090	Duplicated	Vitvi16g00935_P004	95.5	253
130637at33090	Duplicated	Vitvi16g00935_P005	95.5	253
130637at33090	Duplicated	Vitvi16g00935_P001	95.5	253
130637at33090	Duplicated	Vitvi16g00935_P003	95.5	253
130637at33090	Duplicated	Vitvi01g00623_P001	95.1	242
130637at33090	Duplicated	Vitvi15g00900_P001	94.9	254
130637at33090	Duplicated	Vitvi08g00874_P001	94.1	238
130637at33090	Duplicated	Vitvi05g00618_P001	94.1	251
130637at33090	Duplicated	Vitvi03g00452_P001	91.9	251
130637at33090	Duplicated	Vitvi02g00413_P001	91.0	235
130637at33090	Duplicated	Vitvi02g00413_P002	91.0	235
130637at33090	Duplicated	Vitvi11g00476_P001	90.4	253
130637at33090	Duplicated	Vitvi11g00476_P003	90.4	253
130637at33090	Duplicated	Vitvi14g00605_P001	90.0	249
130637at33090	Duplicated	Vitvi13g01130_P001	90.0	216
130637at33090	Duplicated	Vitvi07g01330_P003	89.7	250
130637at33090	Duplicated	Vitvi07g01330_P002	89.6	250
130637at33090	Duplicated	Vitvi07g01330_P001	89.5	250
130637at33090	Duplicated	Vitvi18g00175_P001	89.0	254
144716at33090	Single	Vitvi01g01500_P001	366.9	216
173477at33090	Duplicated	Vitvi04g00062_P001	247.4	155
173477at33090	Duplicated	Vitvi14g00440_P001	55.2	132
173477at33090	Duplicated	Vitvi14g00440_P002	54.9	132
163701at33090	Duplicated	Vitvi07g00041_P001	201.9	148
163701at33090	Duplicated	Vitvi01g00421_P001	44.1	186
218947at33090	Single	Vitvi06g01551_P001	192.0	108
210851at33090	Single	Vitvi11g00141_P001	252.0	129
115240at33090	Duplicated	Vitvi19g00780_P001	493.4	311
115240at33090	Duplicated	Vitvi14g00658_P001	87.0	336
115240at33090	Duplicated	Vitvi14g00668_P001	84.5	336
115240at33090	Duplicated	Vitvi19g00434_P001	77.4	288
115240at33090	Duplicated	Vitvi14g00672_P001	67.4	240
115240at33090	Duplicated	Vitvi14g00672_P002	67.4	240
115240at33090	Duplicated	Vitvi19g04218_P001	66.9	240
115240at33090	Duplicated	Vitvi14g04277_P001	65.5	240
125550at33090	Single	Vitvi19g00736_P001	187.7	143
36284at33090	Duplicated	Vitvi12g01657_P001	1131.7	609
36284at33090	Duplicated	Vitvi19g00210_P001	206.8	485
97593at33090	Single	Vitvi01g00366_P001	451.4	294
115992at33090	Duplicated	Vitvi09g00132_P001	447.1	254
115992at33090	Duplicated	Vitvi07g01534_P001	140.0	244
195843at33090	Duplicated	Vitvi11g00227_P001	280.3	177
195843at33090	Duplicated	Vitvi11g00227_P002	225.3	151
203383at33090	Single	Vitvi11g00688_P001	360.3	246
166660at33090	Single	Vitvi08g00845_P001	252.1	143
120338at33090	Single	Vitvi18g01700_P001	655.7	363
161054at33090	Duplicated	Vitvi19g01501_P001	367.7	250
161054at33090	Duplicated	Vitvi19g01501_P002	367.7	250
178386at33090	Single	Vitvi04g01318_P001	369.1	229
139062at33090	Duplicated	Vitvi16g01556_P001	369.9	260
139062at33090	Duplicated	Vitvi16g01556_P003	369.9	260
139062at33090	Duplicated	Vitvi16g01556_P002	369.3	254
161066at33090	Single	Vitvi07g01677_P001	396.4	289
228201at33090	Single	Vitvi19g00407_P001	363.0	248
187462at33090	Single	Vitvi04g00119_P001	529.3	401
108705at33090	Single	Vitvi02g00710_P001	473.3	369
137018at33090	Single	Vitvi01g00170_P001	549.1	286
171708at33090	Duplicated	Vitvi02g00111_P001	290.1	242
171708at33090	Duplicated	Vitvi14g01871_P001	102.8	234
171708at33090	Duplicated	Vitvi13g02140_P001	101.6	233
171708at33090	Duplicated	Vitvi19g00709_P001	101.3	234
5927at33090	Single	Vitvi19g01676_P001	1338.3	1019
88771at33090	Single	Vitvi02g00139_P001	568.8	390
233744at33090	Duplicated	Vitvi01g01554_P001	196.6	131
233744at33090	Duplicated	Vitvi01g01554_P002	196.6	131
233744at33090	Duplicated	Vitvi19g01548_P001	53.5	102
180466at33090	Single	Vitvi08g00675_P001	323.9	193
201861at33090	Duplicated	Vitvi16g00439_P001	393.4	225
201861at33090	Duplicated	Vitvi16g00439_P002	393.4	225
201861at33090	Duplicated	Vitvi16g00439_P003	393.4	225
201861at33090	Duplicated	Vitvi16g00439_P004	393.4	225
148539at33090	Single	Vitvi18g00367_P001	580.2	389
1419at33090	Single	Vitvi06g00746_P001	2030.5	1498
27237at33090	Duplicated	Vitvi08g01208_P001	974.7	623
27237at33090	Duplicated	Vitvi08g01208_P002	974.7	623
104821at33090	Duplicated	Vitvi02g04217_P001	510.9	338
104821at33090	Duplicated	Vitvi11g00265_P001	510.2	337
153820at33090	Single	Vitvi10g00568_P001	509.5	321
51262at33090	Single	Vitvi10g00483_P001	487.3	397
173581at33090	Duplicated	Vitvi08g00289_P001	449.3	262
173581at33090	Duplicated	Vitvi08g00289_P002	449.3	262
220589at33090	Duplicated	Vitvi04g00878_P001	506.8	364
220589at33090	Duplicated	Vitvi04g00878_P002	469.0	352
10924at33090	Single	Vitvi13g00692_P001	1199.9	728
52348at33090	Single	Vitvi17g00875_P001	600.0	386
167809at33090	Duplicated	Vitvi13g01353_P001	333.1	165
167809at33090	Duplicated	Vitvi07g00508_P001	211.4	159
167809at33090	Duplicated	Vitvi03g04055_P001	208.6	147
167809at33090	Duplicated	Vitvi14g00560_P001	205.6	159
167809at33090	Duplicated	Vitvi07g00067_P002	188.3	161
167809at33090	Duplicated	Vitvi07g00067_P001	188.2	161
167809at33090	Duplicated	Vitvi06g00643_P002	186.8	157
167809at33090	Duplicated	Vitvi06g00643_P001	186.7	157
167809at33090	Duplicated	Vitvi01g01705_P001	186.3	158
167809at33090	Duplicated	Vitvi13g00046_P001	181.7	155
167809at33090	Duplicated	Vitvi03g00457_P001	180.7	158
196850at33090	Duplicated	Vitvi03g00062_P001	235.3	130
196850at33090	Duplicated	Vitvi03g00062_P002	235.3	130
196850at33090	Duplicated	Vitvi16g00693_P001	103.7	109
74580at33090	Single	Vitvi12g00661_P001	582.3	404
143347at33090	Single	Vitvi18g04239_P001	374.3	227
35499at33090	Single	Vitvi17g00191_P001	945.3	557
214313at33090	Duplicated	Vitvi07g00102_P002	118.8	89
214313at33090	Duplicated	Vitvi07g00102_P001	113.6	94
48290at33090	Single	Vitvi17g00985_P001	748.5	436
143978at33090	Single	Vitvi11g00093_P001	1469.3	950
70613at33090	Duplicated	Vitvi19g00150_P001	715.6	374
70613at33090	Duplicated	Vitvi19g00150_P002	715.6	374
48027at33090	Single	Vitvi03g00260_P001	823.6	427
191396at33090	Single	Vitvi04g00446_P001	417.9	249
138499at33090	Duplicated	Vitvi18g01664_P002	257.6	156
138499at33090	Duplicated	Vitvi18g01664_P001	256.7	156
160610at33090	Duplicated	Vitvi19g00217_P001	448.5	265
160610at33090	Duplicated	Vitvi19g00217_P002	340.9	213
200316at33090	Duplicated	Vitvi00g04359_P001	423.6	276
200316at33090	Duplicated	Vitvi19g04107_P001	423.6	276
43957at33090	Single	Vitvi09g00520_P001	1117.4	688
121281at33090	Duplicated	Vitvi14g00999_P001	429.1	276
121281at33090	Duplicated	Vitvi14g00999_P002	348.5	215
168269at33090	Single	Vitvi07g00015_P001	375.3	222
200499at33090	Duplicated	Vitvi16g01395_P001	530.8	325
200499at33090	Duplicated	Vitvi02g00141_P001	224.2	429
87734at33090	Single	Vitvi05g00441_P001	287.9	231
116623at33090	Duplicated	Vitvi02g00204_P001	394.0	278
116623at33090	Duplicated	Vitvi02g00204_P002	296.7	241
213828at33090	Single	Vitvi01g00957_P001	231.5	127
112542at33090	Single	Vitvi19g00292_P001	463.0	246
199795at33090	Single	Vitvi08g00995_P001	253.0	133
164280at33090	Duplicated	Vitvi00g04386_P001	275.1	161
164280at33090	Duplicated	Vitvi14g04038_P001	275.1	161
164280at33090	Duplicated	Vitvi00g04383_P001	269.9	143
212845at33090	Single	Vitvi14g02511_P001	237.8	168
21751at33090	Single	Vitvi15g00554_P001	1446.5	814
185172at33090	Duplicated	Vitvi06g01852_P001	174.1	105
185172at33090	Duplicated	Vitvi06g01850_P001	173.1	105
185172at33090	Duplicated	Vitvi13g01195_P001	146.5	93
96953at33090	Single	Vitvi07g00309_P001	379.5	269
229778at33090	Single	Vitvi08g02258_P001	151.0	105
210493at33090	Single	Vitvi18g00073_P001	185.8	129
135419at33090	Single	Vitvi05g00350_P001	477.6	277
8072at33090	Duplicated	Vitvi17g00728_P001	1306.2	815
8072at33090	Duplicated	Vitvi14g01418_P001	164.4	697
170945at33090	Single	Vitvi02g00389_P001	526.1	332
155102at33090	Single	Vitvi16g00158_P001	310.4	164
146469at33090	Duplicated	Vitvi01g01720_P001	344.7	217
146469at33090	Duplicated	Vitvi02g01774_P001	108.5	198
146469at33090	Duplicated	Vitvi05g00137_P002	97.2	171
146469at33090	Duplicated	Vitvi05g00137_P001	96.7	171
196512at33090	Single	Vitvi01g01624_P001	605.0	368
220981at33090	Single	Vitvi11g00696_P001	270.7	172
18455at33090	Duplicated	Vitvi03g00371_P001	919.1	626
18455at33090	Duplicated	Vitvi03g00371_P002	918.0	626
18455at33090	Duplicated	Vitvi03g00371_P003	916.6	626
196873at33090	Single	Vitvi14g01459_P001	297.3	149
216601at33090	Single	Vitvi15g00940_P001	212.3	147
107107at33090	Missing
148236at33090	Single	Vitvi05g01490_P001	269.5	200
27607at33090	Single	Vitvi04g01396_P001	824.1	551
84114at33090	Duplicated	Vitvi14g02021_P001	636.6	345
84114at33090	Duplicated	Vitvi14g02021_P002	530.5	295
112325at33090	Duplicated	Vitvi15g00410_P001	377.4	292
112325at33090	Duplicated	Vitvi15g00410_P002	377.4	292
174202at33090	Duplicated	Vitvi04g00230_P001	217.0	138
174202at33090	Duplicated	Vitvi04g00230_P002	199.3	127
197838at33090	Duplicated	Vitvi04g01597_P001	231.7	132
197838at33090	Duplicated	Vitvi04g01597_P002	231.7	132
24838at33090	Single	Vitvi17g00402_P001	983.2	691
183396at33090	Single	Vitvi17g00754_P001	192.0	110
116411at33090	Duplicated	Vitvi11g00813_P001	384.9	246
116411at33090	Duplicated	Vitvi11g00813_P002	317.6	228
116411at33090	Duplicated	Vitvi07g00280_P002	187.2	229
116411at33090	Duplicated	Vitvi07g00280_P001	186.8	229
116411at33090	Duplicated	Vitvi13g00009_P001	184.5	221
116411at33090	Duplicated	Vitvi14g00191_P001	177.7	282
116411at33090	Duplicated	Vitvi14g00191_P002	177.7	282
116411at33090	Duplicated	Vitvi14g00191_P003	177.7	282
116411at33090	Duplicated	Vitvi07g00282_P001	177.2	221
88687at33090	Single	Vitvi14g00166_P001	527.5	356
62262at33090	Single	Vitvi18g00140_P001	408.2	289
21163at33090	Single	Vitvi12g00754_P001	1134.9	697
4034at33090	Duplicated	Vitvi17g00376_P001	1562.6	1072
4034at33090	Duplicated	Vitvi17g00376_P003	1384.2	912
4034at33090	Duplicated	Vitvi17g00376_P002	1377.7	912
104867at33090	Duplicated	Vitvi13g00594_P001	940.3	594
104867at33090	Duplicated	Vitvi13g00596_P001	913.2	642
208849at33090	Single	Vitvi04g04057_P001	119.9	71
144990at33090	Single	Vitvi13g01557_P001	394.2	251
31855at33090	Duplicated	Vitvi01g00390_P002	967.8	527
31855at33090	Duplicated	Vitvi01g00390_P001	967.8	527
146772at33090	Single	Vitvi07g00824_P001	398.3	242
193351at33090	Single	Vitvi09g00577_P001	247.6	132
106886at33090	Single	Vitvi05g00526_P001	367.6	271
111210at33090	Single	Vitvi13g00146_P001	459.9	271
220165at33090	Single	Vitvi02g00498_P001	266.4	180
230103at33090	Single	Vitvi06g01769_P001	505.5	322
196443at33090	Duplicated	Vitvi13g00339_P001	128.1	112
196443at33090	Duplicated	Vitvi13g00339_P002	128.1	112
48645at33090	Single	Vitvi11g00170_P001	671.3	488
180408at33090	Single	Vitvi14g01456_P001	285.2	162
196248at33090	Duplicated	Vitvi18g01692_P002	182.7	122
196248at33090	Duplicated	Vitvi18g01692_P001	182.4	122
194293at33090	Duplicated	Vitvi15g00820_P001	310.4	238
194293at33090	Duplicated	Vitvi04g01388_P001	109.9	186
194293at33090	Duplicated	Vitvi07g00409_P001	105.6	181
185941at33090	Single	Vitvi18g00046_P001	224.9	145
171767at33090	Single	Vitvi08g00947_P001	306.7	179
139497at33090	Single	Vitvi13g01651_P001	1094.5	855
105782at33090	Duplicated	Vitvi01g04012_P001	437.0	271
105782at33090	Duplicated	Vitvi09g00733_P001	241.9	269
105782at33090	Duplicated	Vitvi09g00733_P002	241.9	269
105782at33090	Duplicated	Vitvi02g01005_P001	238.1	281
